town,region
Birmingham,West Midlands
Solihull,West Midlands
Sutton Coldfield,West Midlands
Coventry,West Midlands
Warwick,West Midlands
Leamington Spa,West Midlands
Stratford-upon-Avon,West Midlands
Kenilworth,West Midlands
Rugby,West Midlands
Nuneaton,West Midlands
Wolverhampton,West Midlands
Walsall,West Midlands
Dudley,West Midlands
Stourbridge,West Midlands
Lichfield,West Midlands
Tamworth,West Midlands
Worcester,West Midlands
Redditch,West Midlands
Bromsgrove,West Midlands
Kidderminster,West Midlands
Hereford,West Midlands
Shrewsbury,West Midlands
Telford,West Midlands
Stoke-on-Trent,West Midlands
Stafford,West Midlands
Newcastle-under-Lyme,West Midlands
Burton upon Trent,West Midlands
